datetime,symbol,open,high,low,close,volume,spread_bps
2026-08-10 09:01:00+00:00,EURUSD,1.15595,1.15603,1.15594,1.15595,0.0,0.0
2026-08-10 09:02:00+00:00,EURUSD,1.15595,1.15601,1.15594,1.15599,0.0,0.0
2026-08-10 09:03:00+00:00,EURUSD,1.156,1.15601,1.15598,1.15599,0.0,0.0
2026-08-10 09:04:00+00:00,EURUSD,1.15599,1.15601,1.15596,1.15598,0.0,0.0
2026-08-10 09:05:00+00:00,EURUSD,1.15599,1.15612,1.15599,1.15611,0.0,0.0
2026-08-10 09:06:00+00:00,EURUSD,1.1561,1.15611,1.15603,1.15603,0.0,0.0
2026-08-10 09:07:00+00:00,EURUSD,1.15603,1.15616,1.15601,1.15616,0.0,0.0
2026-08-10 09:08:00+00:00,EURUSD,1.15616,1.15619,1.15612,1.15619,0.0,0.0
2026-08-10 09:09:00+00:00,EURUSD,1.15619,1.15625,1.15618,1.15621,0.0,0.0
2026-08-10 09:10:00+00:00,EURUSD,1.1562,1.1562,1.15613,1.15616,0.0,0.0
2026-08-10 09:11:00+00:00,EURUSD,1.15616,1.15627,1.15616,1.15627,0.0,0.0
2026-08-10 09:12:00+00:00,EURUSD,1.15629,1.15631,1.15629,1.1563,0.0,0.0
2026-08-10 09:13:00+00:00,EURUSD,1.1563,1.1563,1.15622,1.15625,0.0,0.0
2026-08-10 09:14:00+00:00,EURUSD,1.15625,1.15636,1.15624,1.15635,0.0,0.0
2026-08-10 09:15:00+00:00,EURUSD,1.15635,1.15637,1.15631,1.15633,0.0,0.0
2026-08-10 09:16:00+00:00,EURUSD,1.15633,1.15634,1.15624,1.15626,0.0,0.0
2026-08-10 09:17:00+00:00,EURUSD,1.15626,1.15628,1.15624,1.15626,0.0,0.0
2026-08-10 09:18:00+00:00,EURUSD,1.15626,1.15626,1.15624,1.15625,0.0,0.0
2026-08-10 09:19:00+00:00,EURUSD,1.15625,1.15625,1.15614,1.15614,0.0,0.0
2026-08-10 09:20:00+00:00,EURUSD,1.15614,1.15615,1.15611,1.15612,0.0,0.0
2026-08-10 09:21:00+00:00,EURUSD,1.15612,1.15618,1.15612,1.15615,0.0,0.0
2026-08-10 09:22:00+00:00,EURUSD,1.15615,1.15622,1.15615,1.15622,0.0,0.0
2026-08-10 09:23:00+00:00,EURUSD,1.15622,1.15623,1.15619,1.15621,0.0,0.0
2026-08-10 09:24:00+00:00,EURUSD,1.15621,1.1563,1.15619,1.1563,0.0,0.0
2026-08-10 09:25:00+00:00,EURUSD,1.15629,1.15629,1.15624,1.15626,0.0,0.0
2026-08-10 09:26:00+00:00,EURUSD,1.15626,1.15626,1.15619,1.15619,0.0,0.0
2026-08-10 09:27:00+00:00,EURUSD,1.15619,1.15623,1.15619,1.15619,0.0,0.0
2026-08-10 09:28:00+00:00,EURUSD,1.15619,1.15622,1.15615,1.15622,0.0,0.0
2026-08-10 09:29:00+00:00,EURUSD,1.15622,1.15626,1.15621,1.15625,0.0,0.0
2026-08-10 09:30:00+00:00,EURUSD,1.15625,1.15625,1.15616,1.15616,0.0,0.0
2026-08-10 09:31:00+00:00,EURUSD,1.15615,1.15616,1.15607,1.15609,0.0,0.0
2026-08-10 09:32:00+00:00,EURUSD,1.15609,1.15609,1.15598,1.15599,0.0,0.0
2026-08-10 09:33:00+00:00,EURUSD,1.15601,1.15603,1.15598,1.15599,0.0,0.0
2026-08-10 09:34:00+00:00,EURUSD,1.156,1.15605,1.15599,1.15602,0.0,0.0
2026-08-10 09:35:00+00:00,EURUSD,1.15602,1.15604,1.1559,1.15591,0.0,0.0
2026-08-10 09:36:00+00:00,EURUSD,1.15591,1.15591,1.15569,1.1557,0.0,0.0
2026-08-10 09:37:00+00:00,EURUSD,1.15571,1.15579,1.1557,1.15573,0.0,0.0
2026-08-10 09:38:00+00:00,EURUSD,1.15573,1.15578,1.1557,1.15572,0.0,0.0
2026-08-10 09:39:00+00:00,EURUSD,1.15572,1.15579,1.15572,1.15575,0.0,0.0
2026-08-10 09:40:00+00:00,EURUSD,1.15574,1.15576,1.1557,1.15576,0.0,0.0
2026-08-10 09:41:00+00:00,EURUSD,1.15575,1.15579,1.15574,1.15575,0.0,0.0
2026-08-10 09:42:00+00:00,EURUSD,1.15576,1.15588,1.15576,1.15584,0.0,0.0
2026-08-10 09:43:00+00:00,EURUSD,1.15586,1.15601,1.15585,1.15596,0.0,0.0
2026-08-10 09:44:00+00:00,EURUSD,1.15596,1.15606,1.1559,1.15601,0.0,0.0
2026-08-10 09:45:00+00:00,EURUSD,1.15602,1.15605,1.15594,1.15602,0.0,0.0
2026-08-10 09:46:00+00:00,EURUSD,1.15599,1.15605,1.15591,1.15605,0.0,0.0
2026-08-10 09:47:00+00:00,EURUSD,1.15606,1.15607,1.15597,1.15598,0.0,0.0
2026-08-10 09:48:00+00:00,EURUSD,1.15599,1.15606,1.15596,1.15603,0.0,0.0
2026-08-10 09:49:00+00:00,EURUSD,1.15602,1.15604,1.15596,1.15597,0.0,0.0
2026-08-10 09:50:00+00:00,EURUSD,1.15597,1.15598,1.15585,1.15586,0.0,0.0
2026-08-10 09:51:00+00:00,EURUSD,1.15588,1.15591,1.15587,1.15589,0.0,0.0
2026-08-10 09:52:00+00:00,EURUSD,1.1559,1.15596,1.15589,1.15589,0.0,0.0
2026-08-10 09:53:00+00:00,EURUSD,1.15591,1.156,1.1559,1.15599,0.0,0.0
2026-08-10 09:54:00+00:00,EURUSD,1.15599,1.15606,1.15599,1.15606,0.0,0.0
2026-08-10 09:55:00+00:00,EURUSD,1.15611,1.15611,1.156,1.15603,0.0,0.0
2026-08-10 09:56:00+00:00,EURUSD,1.15599,1.15599,1.1559,1.1559,0.0,0.0
2026-08-10 09:57:00+00:00,EURUSD,1.15587,1.15591,1.15583,1.15589,0.0,0.0
2026-08-10 09:58:00+00:00,EURUSD,1.15589,1.15589,1.15576,1.1558,0.0,0.0
2026-08-10 09:59:00+00:00,EURUSD,1.15577,1.1558,1.15569,1.1557,0.0,0.0
2026-08-10 10:00:00+00:00,EURUSD,1.15569,1.1557,1.15559,1.15567,0.0,0.0
2026-08-10 10:01:00+00:00,EURUSD,1.15567,1.1557,1.15563,1.15564,0.0,0.0
2026-08-10 10:02:00+00:00,EURUSD,1.15565,1.15572,1.15563,1.15572,0.0,0.0
2026-08-10 10:03:00+00:00,EURUSD,1.15571,1.15575,1.15553,1.15556,0.0,0.0
2026-08-10 10:04:00+00:00,EURUSD,1.15557,1.15562,1.1555,1.15552,0.0,0.0
2026-08-10 10:05:00+00:00,EURUSD,1.15552,1.15555,1.15544,1.15554,0.0,0.0
2026-08-10 10:06:00+00:00,EURUSD,1.15556,1.15558,1.15551,1.15556,0.0,0.0
2026-08-10 10:07:00+00:00,EURUSD,1.15554,1.15568,1.15552,1.15556,0.0,0.0
2026-08-10 10:08:00+00:00,EURUSD,1.15557,1.15565,1.15554,1.15562,0.0,0.0
2026-08-10 10:09:00+00:00,EURUSD,1.15562,1.15566,1.15556,1.15561,0.0,0.0
2026-08-10 10:10:00+00:00,EURUSD,1.15562,1.15562,1.15555,1.15556,0.0,0.0
2026-08-10 10:11:00+00:00,EURUSD,1.15556,1.15565,1.15556,1.15561,0.0,0.0
2026-08-10 10:12:00+00:00,EURUSD,1.15561,1.15561,1.15554,1.1556,0.0,0.0
2026-08-10 10:13:00+00:00,EURUSD,1.1556,1.1556,1.15556,1.1556,0.0,0.0
2026-08-10 10:14:00+00:00,EURUSD,1.15559,1.15559,1.15549,1.15554,0.0,0.0
2026-08-10 10:15:00+00:00,EURUSD,1.15552,1.15555,1.15551,1.15551,0.0,0.0
2026-08-10 10:16:00+00:00,EURUSD,1.15551,1.15555,1.15551,1.15554,0.0,0.0
2026-08-10 10:17:00+00:00,EURUSD,1.15554,1.15561,1.15554,1.15558,0.0,0.0
2026-08-10 10:18:00+00:00,EURUSD,1.15557,1.15558,1.15554,1.15557,0.0,0.0
2026-08-10 10:19:00+00:00,EURUSD,1.15557,1.15562,1.15556,1.15561,0.0,0.0
2026-08-10 10:20:00+00:00,EURUSD,1.15562,1.15565,1.15561,1.15564,0.0,0.0
2026-08-10 10:21:00+00:00,EURUSD,1.15563,1.15571,1.1556,1.15568,0.0,0.0
2026-08-10 10:22:00+00:00,EURUSD,1.15568,1.15579,1.15567,1.15576,0.0,0.0
2026-08-10 10:23:00+00:00,EURUSD,1.15576,1.15577,1.15572,1.15573,0.0,0.0
2026-08-10 10:24:00+00:00,EURUSD,1.15573,1.15575,1.15567,1.15569,0.0,0.0
2026-08-10 10:25:00+00:00,EURUSD,1.15568,1.1557,1.15565,1.15565,0.0,0.0
2026-08-10 10:26:00+00:00,EURUSD,1.15565,1.15567,1.15562,1.15566,0.0,0.0
2026-08-10 10:27:00+00:00,EURUSD,1.15567,1.15567,1.15564,1.15565,0.0,0.0
2026-08-10 10:28:00+00:00,EURUSD,1.15565,1.15572,1.15565,1.1557,0.0,0.0
2026-08-10 10:29:00+00:00,EURUSD,1.15571,1.15571,1.15565,1.15567,0.0,0.0
2026-08-10 10:30:00+00:00,EURUSD,1.15566,1.15571,1.15562,1.15562,0.0,0.0
2026-08-10 10:31:00+00:00,EURUSD,1.15562,1.15568,1.15558,1.15568,0.0,0.0
2026-08-10 10:32:00+00:00,EURUSD,1.15568,1.15569,1.15557,1.15558,0.0,0.0
2026-08-10 10:33:00+00:00,EURUSD,1.15558,1.15574,1.15556,1.15572,0.0,0.0
2026-08-10 10:34:00+00:00,EURUSD,1.15571,1.15571,1.15565,1.15571,0.0,0.0
2026-08-10 10:35:00+00:00,EURUSD,1.15571,1.15574,1.15561,1.15561,0.0,0.0
2026-08-10 10:36:00+00:00,EURUSD,1.15561,1.15563,1.15558,1.15563,0.0,0.0
2026-08-10 10:37:00+00:00,EURUSD,1.15562,1.15562,1.15554,1.15556,0.0,0.0
2026-08-10 10:38:00+00:00,EURUSD,1.15556,1.15556,1.15545,1.15556,0.0,0.0
2026-08-10 10:39:00+00:00,EURUSD,1.15555,1.15562,1.15554,1.1556,0.0,0.0
2026-08-10 10:40:00+00:00,EURUSD,1.1556,1.15565,1.1556,1.15561,0.0,0.0
2026-08-10 10:41:00+00:00,EURUSD,1.15562,1.15563,1.1555,1.1555,0.0,0.0
2026-08-10 10:42:00+00:00,EURUSD,1.15549,1.15551,1.15545,1.1555,0.0,0.0
2026-08-10 10:43:00+00:00,EURUSD,1.15551,1.15554,1.1555,1.15552,0.0,0.0
2026-08-10 10:44:00+00:00,EURUSD,1.15552,1.15568,1.15552,1.15565,0.0,0.0
2026-08-10 10:45:00+00:00,EURUSD,1.15567,1.15567,1.15555,1.15557,0.0,0.0
2026-08-10 10:46:00+00:00,EURUSD,1.15556,1.15565,1.15554,1.15565,0.0,0.0
2026-08-10 10:47:00+00:00,EURUSD,1.15565,1.15566,1.15561,1.15561,0.0,0.0
2026-08-10 10:48:00+00:00,EURUSD,1.15561,1.15564,1.15561,1.15562,0.0,0.0
2026-08-10 10:49:00+00:00,EURUSD,1.15562,1.15565,1.15556,1.15558,0.0,0.0
2026-08-10 10:50:00+00:00,EURUSD,1.15558,1.15558,1.15555,1.15556,0.0,0.0
2026-08-10 10:51:00+00:00,EURUSD,1.15557,1.1557,1.15556,1.15569,0.0,0.0
2026-08-10 10:52:00+00:00,EURUSD,1.1557,1.1557,1.15563,1.15565,0.0,0.0
2026-08-10 10:53:00+00:00,EURUSD,1.15566,1.15567,1.15556,1.15556,0.0,0.0
2026-08-10 10:54:00+00:00,EURUSD,1.15556,1.1556,1.15555,1.15557,0.0,0.0
2026-08-10 10:55:00+00:00,EURUSD,1.15557,1.15562,1.15557,1.1556,0.0,0.0
2026-08-10 10:56:00+00:00,EURUSD,1.15561,1.15565,1.15551,1.15551,0.0,0.0
2026-08-10 10:57:00+00:00,EURUSD,1.1555,1.15556,1.1555,1.15554,0.0,0.0
2026-08-10 10:58:00+00:00,EURUSD,1.15555,1.15556,1.1555,1.15554,0.0,0.0
2026-08-10 10:59:00+00:00,EURUSD,1.15554,1.15561,1.15551,1.15554,0.0,0.0
2026-08-10 11:00:00+00:00,EURUSD,1.15554,1.15561,1.1555,1.1556,0.0,0.0
2026-08-10 11:01:00+00:00,EURUSD,1.15559,1.1556,1.1555,1.15552,0.0,0.0
2026-08-10 11:02:00+00:00,EURUSD,1.15552,1.15561,1.1555,1.15561,0.0,0.0
2026-08-10 11:03:00+00:00,EURUSD,1.15561,1.15565,1.1556,1.15562,0.0,0.0
2026-08-10 11:04:00+00:00,EURUSD,1.15562,1.15565,1.15553,1.15556,0.0,0.0
2026-08-10 11:05:00+00:00,EURUSD,1.15556,1.1556,1.15554,1.1556,0.0,0.0
2026-08-10 11:06:00+00:00,EURUSD,1.1556,1.1556,1.15548,1.15556,0.0,0.0
2026-08-10 11:07:00+00:00,EURUSD,1.15557,1.1556,1.15541,1.15545,0.0,0.0
2026-08-10 11:08:00+00:00,EURUSD,1.15545,1.15545,1.15538,1.15539,0.0,0.0
2026-08-10 11:09:00+00:00,EURUSD,1.1554,1.15541,1.15536,1.15539,0.0,0.0
2026-08-10 11:10:00+00:00,EURUSD,1.15537,1.1554,1.15531,1.15531,0.0,0.0
2026-08-10 11:11:00+00:00,EURUSD,1.15531,1.15532,1.15529,1.1553,0.0,0.0
2026-08-10 11:12:00+00:00,EURUSD,1.1553,1.15535,1.1553,1.1553,0.0,0.0
2026-08-10 11:13:00+00:00,EURUSD,1.15529,1.15531,1.15514,1.15514,0.0,0.0
2026-08-10 11:14:00+00:00,EURUSD,1.15514,1.15524,1.15509,1.15524,0.0,0.0
2026-08-10 11:15:00+00:00,EURUSD,1.15523,1.15528,1.15521,1.15521,0.0,0.0
2026-08-10 11:16:00+00:00,EURUSD,1.15521,1.15525,1.15517,1.15525,0.0,0.0
2026-08-10 11:17:00+00:00,EURUSD,1.15525,1.15526,1.1552,1.15526,0.0,0.0
2026-08-10 11:18:00+00:00,EURUSD,1.15526,1.1553,1.15515,1.1552,0.0,0.0
2026-08-10 11:19:00+00:00,EURUSD,1.1552,1.15521,1.15516,1.15517,0.0,0.0
2026-08-10 11:20:00+00:00,EURUSD,1.15516,1.15529,1.15515,1.15516,0.0,0.0
2026-08-10 11:21:00+00:00,EURUSD,1.15517,1.15522,1.15509,1.15518,0.0,0.0
2026-08-10 11:22:00+00:00,EURUSD,1.15518,1.15519,1.15511,1.15511,0.0,0.0
2026-08-10 11:23:00+00:00,EURUSD,1.1551,1.15518,1.1551,1.15518,0.0,0.0
2026-08-10 11:24:00+00:00,EURUSD,1.15519,1.15519,1.15513,1.15516,0.0,0.0
2026-08-10 11:25:00+00:00,EURUSD,1.15515,1.15525,1.15515,1.15522,0.0,0.0
2026-08-10 11:26:00+00:00,EURUSD,1.15522,1.15523,1.15512,1.15514,0.0,0.0
2026-08-10 11:27:00+00:00,EURUSD,1.15514,1.15515,1.155,1.15515,0.0,0.0
2026-08-10 11:28:00+00:00,EURUSD,1.15515,1.15518,1.15513,1.15516,0.0,0.0
2026-08-10 11:29:00+00:00,EURUSD,1.15516,1.15518,1.1551,1.15517,0.0,0.0
2026-08-10 11:30:00+00:00,EURUSD,1.15515,1.15517,1.15511,1.15514,0.0,0.0
2026-08-10 11:31:00+00:00,EURUSD,1.15514,1.15518,1.15513,1.15517,0.0,0.0
2026-08-10 11:32:00+00:00,EURUSD,1.15517,1.15522,1.15512,1.15514,0.0,0.0
2026-08-10 11:33:00+00:00,EURUSD,1.15514,1.15514,1.15505,1.15505,0.0,0.0
2026-08-10 11:34:00+00:00,EURUSD,1.15505,1.15513,1.15503,1.15513,0.0,0.0
2026-08-10 11:35:00+00:00,EURUSD,1.15513,1.1552,1.15512,1.15512,0.0,0.0
2026-08-10 11:36:00+00:00,EURUSD,1.15512,1.15517,1.15509,1.15517,0.0,0.0
2026-08-10 11:37:00+00:00,EURUSD,1.15516,1.15526,1.15515,1.15525,0.0,0.0
2026-08-10 11:38:00+00:00,EURUSD,1.15525,1.15525,1.15518,1.15524,0.0,0.0
2026-08-10 11:39:00+00:00,EURUSD,1.15524,1.15525,1.15517,1.15521,0.0,0.0
2026-08-10 11:40:00+00:00,EURUSD,1.15521,1.15524,1.15509,1.15511,0.0,0.0
2026-08-10 11:41:00+00:00,EURUSD,1.1551,1.15531,1.1551,1.1553,0.0,0.0
2026-08-10 11:42:00+00:00,EURUSD,1.15527,1.15528,1.15516,1.15517,0.0,0.0
2026-08-10 11:43:00+00:00,EURUSD,1.15516,1.15517,1.15506,1.15508,0.0,0.0
2026-08-10 11:44:00+00:00,EURUSD,1.15509,1.15518,1.15506,1.1551,0.0,0.0
2026-08-10 11:45:00+00:00,EURUSD,1.15507,1.15516,1.15507,1.15511,0.0,0.0
2026-08-10 11:46:00+00:00,EURUSD,1.15511,1.15511,1.15502,1.15502,0.0,0.0
2026-08-10 11:47:00+00:00,EURUSD,1.15504,1.15508,1.15502,1.15506,0.0,0.0
2026-08-10 11:48:00+00:00,EURUSD,1.15506,1.15508,1.15497,1.15502,0.0,0.0
2026-08-10 11:49:00+00:00,EURUSD,1.15501,1.15503,1.15497,1.15501,0.0,0.0
2026-08-10 11:50:00+00:00,EURUSD,1.15501,1.15502,1.15496,1.15497,0.0,0.0
2026-08-10 11:51:00+00:00,EURUSD,1.15496,1.15497,1.1549,1.15491,0.0,0.0
2026-08-10 11:52:00+00:00,EURUSD,1.15491,1.15499,1.15491,1.15496,0.0,0.0
2026-08-10 11:53:00+00:00,EURUSD,1.15496,1.15499,1.15496,1.15497,0.0,0.0
2026-08-10 11:54:00+00:00,EURUSD,1.15497,1.15502,1.15495,1.155,0.0,0.0
2026-08-10 11:55:00+00:00,EURUSD,1.15501,1.15502,1.15494,1.15497,0.0,0.0
2026-08-10 11:56:00+00:00,EURUSD,1.15497,1.15502,1.15496,1.15501,0.0,0.0
2026-08-10 11:57:00+00:00,EURUSD,1.15501,1.15511,1.15501,1.15509,0.0,0.0
2026-08-10 11:58:00+00:00,EURUSD,1.1551,1.15518,1.1551,1.15514,0.0,0.0
2026-08-10 11:59:00+00:00,EURUSD,1.15514,1.15525,1.15513,1.15524,0.0,0.0
2026-08-10 12:00:00+00:00,EURUSD,1.15523,1.15523,1.15509,1.15513,0.0,0.0
2026-08-10 12:01:00+00:00,EURUSD,1.15512,1.15524,1.1551,1.15524,0.0,0.0
2026-08-10 12:02:00+00:00,EURUSD,1.15523,1.15527,1.15518,1.15518,0.0,0.0
2026-08-10 12:03:00+00:00,EURUSD,1.15519,1.1552,1.15509,1.1551,0.0,0.0
2026-08-10 12:04:00+00:00,EURUSD,1.1551,1.15526,1.15509,1.1552,0.0,0.0
2026-08-10 12:05:00+00:00,EURUSD,1.15517,1.15522,1.15516,1.15521,0.0,0.0
2026-08-10 12:06:00+00:00,EURUSD,1.15521,1.15524,1.15518,1.15522,0.0,0.0
2026-08-10 12:07:00+00:00,EURUSD,1.15523,1.1555,1.15522,1.15541,0.0,0.0
2026-08-10 12:08:00+00:00,EURUSD,1.1554,1.15548,1.15536,1.15545,0.0,0.0
2026-08-10 12:09:00+00:00,EURUSD,1.15545,1.15548,1.15538,1.15547,0.0,0.0
2026-08-10 12:10:00+00:00,EURUSD,1.15548,1.15548,1.15531,1.15531,0.0,0.0
2026-08-10 12:11:00+00:00,EURUSD,1.15531,1.15531,1.15515,1.15516,0.0,0.0
2026-08-10 12:12:00+00:00,EURUSD,1.15516,1.15518,1.1551,1.15511,0.0,0.0
2026-08-10 12:13:00+00:00,EURUSD,1.15512,1.15518,1.15512,1.15515,0.0,0.0
2026-08-10 12:14:00+00:00,EURUSD,1.15514,1.15521,1.15511,1.15517,0.0,0.0
2026-08-10 12:15:00+00:00,EURUSD,1.15516,1.15517,1.15508,1.15514,0.0,0.0
2026-08-10 12:16:00+00:00,EURUSD,1.15514,1.15514,1.15496,1.155,0.0,0.0
2026-08-10 12:17:00+00:00,EURUSD,1.15501,1.15507,1.15496,1.15504,0.0,0.0
2026-08-10 12:18:00+00:00,EURUSD,1.15504,1.15514,1.15504,1.15504,0.0,0.0
2026-08-10 12:19:00+00:00,EURUSD,1.15503,1.15504,1.15497,1.15499,0.0,0.0
2026-08-10 12:20:00+00:00,EURUSD,1.15501,1.15511,1.15501,1.15506,0.0,0.0
2026-08-10 12:21:00+00:00,EURUSD,1.15507,1.15507,1.15503,1.15506,0.0,0.0
2026-08-10 12:22:00+00:00,EURUSD,1.15506,1.15517,1.15501,1.15515,0.0,0.0
2026-08-10 12:23:00+00:00,EURUSD,1.15515,1.15516,1.15498,1.15499,0.0,0.0
2026-08-10 12:24:00+00:00,EURUSD,1.15499,1.15505,1.15494,1.15504,0.0,0.0
2026-08-10 12:25:00+00:00,EURUSD,1.15502,1.15505,1.1549,1.15491,0.0,0.0
2026-08-10 12:26:00+00:00,EURUSD,1.15491,1.15491,1.1547,1.1547,0.0,0.0
2026-08-10 12:27:00+00:00,EURUSD,1.15471,1.15487,1.15469,1.15487,0.0,0.0
2026-08-10 12:28:00+00:00,EURUSD,1.15486,1.15491,1.15484,1.15487,0.0,0.0
2026-08-10 12:29:00+00:00,EURUSD,1.15488,1.15489,1.15485,1.15486,0.0,0.0
2026-08-10 12:30:00+00:00,EURUSD,1.15485,1.15487,1.15481,1.15484,0.0,0.0
2026-08-10 12:31:00+00:00,EURUSD,1.15485,1.15502,1.15485,1.15502,0.0,0.0
2026-08-10 12:32:00+00:00,EURUSD,1.15501,1.15501,1.15491,1.15496,0.0,0.0
2026-08-10 12:33:00+00:00,EURUSD,1.15496,1.15497,1.1549,1.15491,0.0,0.0
2026-08-10 12:34:00+00:00,EURUSD,1.15491,1.15491,1.15475,1.15476,0.0,0.0
2026-08-10 12:35:00+00:00,EURUSD,1.15476,1.15483,1.15476,1.15483,0.0,0.0
2026-08-10 12:36:00+00:00,EURUSD,1.15483,1.15484,1.15474,1.15475,0.0,0.0
2026-08-10 12:37:00+00:00,EURUSD,1.15476,1.15477,1.1547,1.15472,0.0,0.0
2026-08-10 12:38:00+00:00,EURUSD,1.15471,1.15484,1.1547,1.15481,0.0,0.0
2026-08-10 12:39:00+00:00,EURUSD,1.15481,1.15484,1.15474,1.15478,0.0,0.0
2026-08-10 12:40:00+00:00,EURUSD,1.15477,1.15478,1.15464,1.15471,0.0,0.0
2026-08-10 12:41:00+00:00,EURUSD,1.1547,1.1547,1.15458,1.15467,0.0,0.0
2026-08-10 12:42:00+00:00,EURUSD,1.15467,1.15477,1.15466,1.15477,0.0,0.0
2026-08-10 12:43:00+00:00,EURUSD,1.15477,1.15477,1.15467,1.15468,0.0,0.0
2026-08-10 12:44:00+00:00,EURUSD,1.15469,1.15469,1.15459,1.1546,0.0,0.0
2026-08-10 12:45:00+00:00,EURUSD,1.1546,1.15472,1.15456,1.15472,0.0,0.0
2026-08-10 12:46:00+00:00,EURUSD,1.15472,1.15476,1.15462,1.15476,0.0,0.0
2026-08-10 12:47:00+00:00,EURUSD,1.15477,1.15483,1.15473,1.15481,0.0,0.0
2026-08-10 12:48:00+00:00,EURUSD,1.15481,1.15486,1.1548,1.15481,0.0,0.0
2026-08-10 12:49:00+00:00,EURUSD,1.15481,1.15482,1.1548,1.15481,0.0,0.0
2026-08-10 12:50:00+00:00,EURUSD,1.15481,1.15483,1.1548,1.15481,0.0,0.0
2026-08-10 12:51:00+00:00,EURUSD,1.15481,1.15482,1.15475,1.15481,0.0,0.0
2026-08-10 12:52:00+00:00,EURUSD,1.15481,1.15491,1.15476,1.15481,0.0,0.0
2026-08-10 12:53:00+00:00,EURUSD,1.15481,1.15482,1.15474,1.15474,0.0,0.0
2026-08-10 12:54:00+00:00,EURUSD,1.15473,1.15479,1.1547,1.1547,0.0,0.0
2026-08-10 12:55:00+00:00,EURUSD,1.1547,1.1548,1.1547,1.15476,0.0,0.0
2026-08-10 12:56:00+00:00,EURUSD,1.15476,1.15482,1.15474,1.15476,0.0,0.0
2026-08-10 12:57:00+00:00,EURUSD,1.15475,1.15482,1.1547,1.15481,0.0,0.0
2026-08-10 12:58:00+00:00,EURUSD,1.1548,1.15481,1.15474,1.15475,0.0,0.0
2026-08-10 12:59:00+00:00,EURUSD,1.15476,1.15479,1.1547,1.1547,0.0,0.0
2026-08-10 13:00:00+00:00,EURUSD,1.15473,1.15484,1.15473,1.15479,0.0,0.0
2026-08-10 13:01:00+00:00,EURUSD,1.15477,1.15477,1.1547,1.15477,0.0,0.0
2026-08-10 13:02:00+00:00,EURUSD,1.15479,1.15482,1.15476,1.15481,0.0,0.0
2026-08-10 13:03:00+00:00,EURUSD,1.15481,1.15481,1.15476,1.15476,0.0,0.0
2026-08-10 13:04:00+00:00,EURUSD,1.15476,1.15477,1.15465,1.15465,0.0,0.0
2026-08-10 13:05:00+00:00,EURUSD,1.15466,1.1547,1.15464,1.15467,0.0,0.0
2026-08-10 13:06:00+00:00,EURUSD,1.15466,1.1547,1.15457,1.15461,0.0,0.0
2026-08-10 13:07:00+00:00,EURUSD,1.15461,1.15466,1.15456,1.15465,0.0,0.0
2026-08-10 13:08:00+00:00,EURUSD,1.15464,1.15477,1.15464,1.15469,0.0,0.0
2026-08-10 13:09:00+00:00,EURUSD,1.15469,1.15492,1.15468,1.15491,0.0,0.0
2026-08-10 13:10:00+00:00,EURUSD,1.1549,1.15506,1.15487,1.15506,0.0,0.0
2026-08-10 13:11:00+00:00,EURUSD,1.15506,1.15522,1.15503,1.1552,0.0,0.0
2026-08-10 13:12:00+00:00,EURUSD,1.15521,1.15522,1.15514,1.15521,0.0,0.0
2026-08-10 13:13:00+00:00,EURUSD,1.1552,1.15523,1.15509,1.15513,0.0,0.0
2026-08-10 13:14:00+00:00,EURUSD,1.15513,1.15522,1.1551,1.15521,0.0,0.0
2026-08-10 13:15:00+00:00,EURUSD,1.15521,1.15521,1.1551,1.15521,0.0,0.0
2026-08-10 13:16:00+00:00,EURUSD,1.15522,1.15525,1.15518,1.15525,0.0,0.0
2026-08-10 13:17:00+00:00,EURUSD,1.15524,1.15531,1.15517,1.1553,0.0,0.0
2026-08-10 13:18:00+00:00,EURUSD,1.1553,1.15532,1.15529,1.15531,0.0,0.0
2026-08-10 13:19:00+00:00,EURUSD,1.15531,1.15531,1.15517,1.15525,0.0,0.0
2026-08-10 13:20:00+00:00,EURUSD,1.15524,1.15537,1.15522,1.15528,0.0,0.0
2026-08-10 13:21:00+00:00,EURUSD,1.15529,1.1553,1.1552,1.15521,0.0,0.0
2026-08-10 13:22:00+00:00,EURUSD,1.15523,1.15525,1.15501,1.15503,0.0,0.0
2026-08-10 13:23:00+00:00,EURUSD,1.15504,1.15506,1.15497,1.15497,0.0,0.0
2026-08-10 13:24:00+00:00,EURUSD,1.15497,1.15507,1.15496,1.15506,0.0,0.0
2026-08-10 13:25:00+00:00,EURUSD,1.15507,1.15517,1.15505,1.15514,0.0,0.0
2026-08-10 13:26:00+00:00,EURUSD,1.15513,1.15522,1.15506,1.15522,0.0,0.0
2026-08-10 13:27:00+00:00,EURUSD,1.15522,1.1553,1.15516,1.15525,0.0,0.0
2026-08-10 13:28:00+00:00,EURUSD,1.15524,1.15528,1.15521,1.15527,0.0,0.0
2026-08-10 13:29:00+00:00,EURUSD,1.15528,1.1553,1.15525,1.15525,0.0,0.0
2026-08-10 13:30:00+00:00,EURUSD,1.15527,1.15536,1.15509,1.1551,0.0,0.0
2026-08-10 13:31:00+00:00,EURUSD,1.1551,1.15511,1.15504,1.15511,0.0,0.0
2026-08-10 13:32:00+00:00,EURUSD,1.15511,1.15514,1.15506,1.15511,0.0,0.0
2026-08-10 13:33:00+00:00,EURUSD,1.15511,1.15517,1.15509,1.15511,0.0,0.0
2026-08-10 13:34:00+00:00,EURUSD,1.15513,1.15522,1.1551,1.15515,0.0,0.0
2026-08-10 13:35:00+00:00,EURUSD,1.15516,1.15524,1.15515,1.15515,0.0,0.0
2026-08-10 13:36:00+00:00,EURUSD,1.15516,1.15525,1.15515,1.1552,0.0,0.0
2026-08-10 13:37:00+00:00,EURUSD,1.1552,1.15522,1.15495,1.15495,0.0,0.0
2026-08-10 13:38:00+00:00,EURUSD,1.15496,1.155,1.15494,1.15497,0.0,0.0
2026-08-10 13:39:00+00:00,EURUSD,1.15496,1.15497,1.15489,1.15491,0.0,0.0
2026-08-10 13:40:00+00:00,EURUSD,1.15491,1.15507,1.1549,1.15501,0.0,0.0
2026-08-10 13:41:00+00:00,EURUSD,1.155,1.15517,1.155,1.15507,0.0,0.0
2026-08-10 13:42:00+00:00,EURUSD,1.15506,1.15507,1.15497,1.15502,0.0,0.0
2026-08-10 13:43:00+00:00,EURUSD,1.15501,1.15503,1.15496,1.15499,0.0,0.0
2026-08-10 13:44:00+00:00,EURUSD,1.155,1.155,1.1548,1.15481,0.0,0.0
2026-08-10 13:45:00+00:00,EURUSD,1.15481,1.15484,1.15474,1.15475,0.0,0.0
2026-08-10 13:46:00+00:00,EURUSD,1.15474,1.15487,1.15469,1.15486,0.0,0.0
2026-08-10 13:47:00+00:00,EURUSD,1.15485,1.15508,1.15484,1.15486,0.0,0.0
2026-08-10 13:48:00+00:00,EURUSD,1.15484,1.1549,1.15481,1.15484,0.0,0.0
2026-08-10 13:49:00+00:00,EURUSD,1.15484,1.15488,1.1547,1.1547,0.0,0.0
2026-08-10 13:50:00+00:00,EURUSD,1.15472,1.15477,1.15464,1.1547,0.0,0.0
2026-08-10 13:51:00+00:00,EURUSD,1.1547,1.1547,1.15449,1.15452,0.0,0.0
2026-08-10 13:52:00+00:00,EURUSD,1.1545,1.15464,1.15445,1.15459,0.0,0.0
2026-08-10 13:53:00+00:00,EURUSD,1.15458,1.15464,1.15439,1.15441,0.0,0.0
2026-08-10 13:54:00+00:00,EURUSD,1.15442,1.15453,1.1544,1.15449,0.0,0.0
2026-08-10 13:55:00+00:00,EURUSD,1.15447,1.15462,1.15441,1.15456,0.0,0.0
2026-08-10 13:56:00+00:00,EURUSD,1.15459,1.15469,1.15447,1.15448,0.0,0.0
2026-08-10 13:57:00+00:00,EURUSD,1.15449,1.15462,1.15445,1.15456,0.0,0.0
2026-08-10 13:58:00+00:00,EURUSD,1.15456,1.15466,1.15454,1.15461,0.0,0.0
2026-08-10 13:59:00+00:00,EURUSD,1.15461,1.15462,1.15448,1.1545,0.0,0.0
2026-08-10 14:00:00+00:00,EURUSD,1.1545,1.15461,1.1545,1.1546,0.0,0.0
2026-08-10 14:01:00+00:00,EURUSD,1.1546,1.15461,1.15453,1.15455,0.0,0.0
2026-08-10 14:02:00+00:00,EURUSD,1.15456,1.15456,1.15446,1.15447,0.0,0.0
2026-08-10 14:03:00+00:00,EURUSD,1.15447,1.15464,1.15444,1.15448,0.0,0.0
2026-08-10 14:04:00+00:00,EURUSD,1.15448,1.15457,1.15448,1.15456,0.0,0.0
2026-08-10 14:05:00+00:00,EURUSD,1.15457,1.15472,1.15456,1.15466,0.0,0.0
2026-08-10 14:06:00+00:00,EURUSD,1.15467,1.15487,1.15466,1.15485,0.0,0.0
2026-08-10 14:07:00+00:00,EURUSD,1.15484,1.15484,1.15469,1.15481,0.0,0.0
2026-08-10 14:08:00+00:00,EURUSD,1.1548,1.15484,1.15476,1.15481,0.0,0.0
2026-08-10 14:09:00+00:00,EURUSD,1.15481,1.15486,1.1548,1.1548,0.0,0.0
2026-08-10 14:10:00+00:00,EURUSD,1.15481,1.15487,1.15481,1.15485,0.0,0.0
2026-08-10 14:11:00+00:00,EURUSD,1.15485,1.15489,1.15471,1.15475,0.0,0.0
2026-08-10 14:12:00+00:00,EURUSD,1.15476,1.15486,1.1547,1.15484,0.0,0.0
2026-08-10 14:13:00+00:00,EURUSD,1.15484,1.155,1.15481,1.155,0.0,0.0
2026-08-10 14:14:00+00:00,EURUSD,1.155,1.15503,1.1549,1.15491,0.0,0.0
2026-08-10 14:15:00+00:00,EURUSD,1.15491,1.15491,1.15479,1.15481,0.0,0.0
2026-08-10 14:16:00+00:00,EURUSD,1.15481,1.15489,1.15476,1.15489,0.0,0.0
2026-08-10 14:17:00+00:00,EURUSD,1.15489,1.15502,1.15487,1.15501,0.0,0.0
2026-08-10 14:18:00+00:00,EURUSD,1.155,1.15515,1.155,1.15509,0.0,0.0
2026-08-10 14:19:00+00:00,EURUSD,1.15509,1.15509,1.15502,1.15504,0.0,0.0
2026-08-10 14:20:00+00:00,EURUSD,1.15504,1.15509,1.15501,1.15504,0.0,0.0
2026-08-10 14:21:00+00:00,EURUSD,1.15504,1.15506,1.15499,1.155,0.0,0.0
2026-08-10 14:22:00+00:00,EURUSD,1.15499,1.15511,1.15499,1.155,0.0,0.0
2026-08-10 14:23:00+00:00,EURUSD,1.155,1.15506,1.15496,1.15505,0.0,0.0
2026-08-10 14:24:00+00:00,EURUSD,1.15503,1.15503,1.15497,1.15501,0.0,0.0
2026-08-10 14:25:00+00:00,EURUSD,1.15501,1.15516,1.15501,1.15514,0.0,0.0
2026-08-10 14:26:00+00:00,EURUSD,1.15515,1.15521,1.15513,1.15519,0.0,0.0
2026-08-10 14:27:00+00:00,EURUSD,1.15518,1.15537,1.15518,1.15535,0.0,0.0
2026-08-10 14:28:00+00:00,EURUSD,1.15535,1.15539,1.15515,1.15521,0.0,0.0
2026-08-10 14:29:00+00:00,EURUSD,1.15522,1.1553,1.15522,1.15529,0.0,0.0
2026-08-10 14:30:00+00:00,EURUSD,1.15528,1.1553,1.15521,1.15523,0.0,0.0
2026-08-10 14:31:00+00:00,EURUSD,1.15522,1.1553,1.15516,1.15516,0.0,0.0
2026-08-10 14:32:00+00:00,EURUSD,1.15516,1.15522,1.15511,1.15515,0.0,0.0
2026-08-10 14:33:00+00:00,EURUSD,1.15515,1.15522,1.15514,1.15521,0.0,0.0
2026-08-10 14:34:00+00:00,EURUSD,1.1552,1.15529,1.1552,1.15528,0.0,0.0
2026-08-10 14:35:00+00:00,EURUSD,1.15527,1.1553,1.15525,1.15527,0.0,0.0
2026-08-10 14:36:00+00:00,EURUSD,1.15528,1.15528,1.15524,1.15524,0.0,0.0
2026-08-10 14:37:00+00:00,EURUSD,1.15525,1.15531,1.15524,1.15529,0.0,0.0
2026-08-10 14:38:00+00:00,EURUSD,1.15527,1.15541,1.15527,1.15541,0.0,0.0
2026-08-10 14:39:00+00:00,EURUSD,1.15541,1.15547,1.15539,1.1554,0.0,0.0
2026-08-10 14:40:00+00:00,EURUSD,1.15541,1.15542,1.1553,1.1553,0.0,0.0
2026-08-10 14:41:00+00:00,EURUSD,1.15531,1.15537,1.15528,1.15535,0.0,0.0
2026-08-10 14:42:00+00:00,EURUSD,1.15536,1.15546,1.15536,1.15546,0.0,0.0
2026-08-10 14:43:00+00:00,EURUSD,1.15544,1.15547,1.15528,1.15544,0.0,0.0
2026-08-10 14:44:00+00:00,EURUSD,1.15545,1.15545,1.15534,1.15535,0.0,0.0
2026-08-10 14:45:00+00:00,EURUSD,1.15534,1.15557,1.15534,1.15551,0.0,0.0
2026-08-10 14:46:00+00:00,EURUSD,1.15552,1.15552,1.15541,1.15542,0.0,0.0
2026-08-10 14:47:00+00:00,EURUSD,1.15542,1.15548,1.15542,1.15545,0.0,0.0
2026-08-10 14:48:00+00:00,EURUSD,1.15545,1.15551,1.15545,1.15549,0.0,0.0
2026-08-10 14:49:00+00:00,EURUSD,1.15549,1.15552,1.15541,1.15541,0.0,0.0
2026-08-10 14:50:00+00:00,EURUSD,1.1554,1.1554,1.15519,1.15525,0.0,0.0
2026-08-10 14:51:00+00:00,EURUSD,1.15526,1.15527,1.155,1.15504,0.0,0.0
2026-08-10 14:52:00+00:00,EURUSD,1.15503,1.15515,1.155,1.15515,0.0,0.0
2026-08-10 14:53:00+00:00,EURUSD,1.15516,1.15521,1.15514,1.15517,0.0,0.0
2026-08-10 14:54:00+00:00,EURUSD,1.15517,1.15521,1.15515,1.15517,0.0,0.0
2026-08-10 14:55:00+00:00,EURUSD,1.15517,1.15522,1.1551,1.15514,0.0,0.0
2026-08-10 14:56:00+00:00,EURUSD,1.15511,1.15521,1.15511,1.15512,0.0,0.0
2026-08-10 14:57:00+00:00,EURUSD,1.15514,1.15531,1.15508,1.1551,0.0,0.0
2026-08-10 14:58:00+00:00,EURUSD,1.15508,1.15517,1.15507,1.15512,0.0,0.0
2026-08-10 14:59:00+00:00,EURUSD,1.15513,1.15522,1.15508,1.1552,0.0,0.0
2026-08-10 15:00:00+00:00,EURUSD,1.15518,1.15523,1.15509,1.15511,0.0,0.0
2026-08-10 15:01:00+00:00,EURUSD,1.15512,1.15512,1.15497,1.15497,0.0,0.0
2026-08-10 15:02:00+00:00,EURUSD,1.15498,1.155,1.15476,1.15489,0.0,0.0
2026-08-10 15:03:00+00:00,EURUSD,1.15489,1.15501,1.15489,1.155,0.0,0.0
2026-08-10 15:04:00+00:00,EURUSD,1.15501,1.15501,1.15484,1.15484,0.0,0.0
2026-08-10 15:05:00+00:00,EURUSD,1.15484,1.15488,1.15479,1.15486,0.0,0.0
2026-08-10 15:06:00+00:00,EURUSD,1.15485,1.155,1.15485,1.15495,0.0,0.0
2026-08-10 15:07:00+00:00,EURUSD,1.15496,1.15504,1.15495,1.15502,0.0,0.0
2026-08-10 15:08:00+00:00,EURUSD,1.15501,1.15502,1.15491,1.15491,0.0,0.0
2026-08-10 15:09:00+00:00,EURUSD,1.1549,1.1549,1.15481,1.15481,0.0,0.0
2026-08-10 15:10:00+00:00,EURUSD,1.15482,1.1549,1.15479,1.1549,0.0,0.0
2026-08-10 15:11:00+00:00,EURUSD,1.15491,1.15496,1.15484,1.15488,0.0,0.0
2026-08-10 15:12:00+00:00,EURUSD,1.15488,1.15491,1.15484,1.15484,0.0,0.0
2026-08-10 15:13:00+00:00,EURUSD,1.15485,1.155,1.15485,1.15496,0.0,0.0
2026-08-10 15:14:00+00:00,EURUSD,1.15497,1.15511,1.15497,1.15511,0.0,0.0
2026-08-10 15:15:00+00:00,EURUSD,1.1551,1.15521,1.15509,1.15521,0.0,0.0
2026-08-10 15:16:00+00:00,EURUSD,1.15521,1.15532,1.15521,1.15523,0.0,0.0
2026-08-10 15:17:00+00:00,EURUSD,1.15523,1.15532,1.15521,1.15526,0.0,0.0
2026-08-10 15:18:00+00:00,EURUSD,1.15528,1.1553,1.15516,1.1552,0.0,0.0
2026-08-10 15:19:00+00:00,EURUSD,1.15519,1.15527,1.15519,1.1552,0.0,0.0
2026-08-10 15:20:00+00:00,EURUSD,1.15521,1.15522,1.15512,1.15515,0.0,0.0
2026-08-10 15:21:00+00:00,EURUSD,1.15515,1.15518,1.15511,1.15513,0.0,0.0
2026-08-10 15:22:00+00:00,EURUSD,1.15512,1.1552,1.15512,1.15518,0.0,0.0
2026-08-10 15:23:00+00:00,EURUSD,1.15519,1.15525,1.15509,1.1551,0.0,0.0
2026-08-10 15:24:00+00:00,EURUSD,1.1551,1.15511,1.15506,1.15506,0.0,0.0
2026-08-10 15:25:00+00:00,EURUSD,1.15507,1.15509,1.15486,1.15486,0.0,0.0
2026-08-10 15:26:00+00:00,EURUSD,1.15486,1.15491,1.15474,1.15476,0.0,0.0
2026-08-10 15:27:00+00:00,EURUSD,1.15475,1.15477,1.15469,1.1547,0.0,0.0
2026-08-10 15:28:00+00:00,EURUSD,1.15469,1.15482,1.15466,1.15482,0.0,0.0
2026-08-10 15:29:00+00:00,EURUSD,1.15481,1.15488,1.1548,1.15487,0.0,0.0
2026-08-10 15:30:00+00:00,EURUSD,1.15487,1.15496,1.15485,1.15494,0.0,0.0
2026-08-10 15:31:00+00:00,EURUSD,1.15493,1.15497,1.15488,1.15491,0.0,0.0
2026-08-10 15:32:00+00:00,EURUSD,1.15491,1.15492,1.15472,1.15472,0.0,0.0
2026-08-10 15:33:00+00:00,EURUSD,1.15471,1.15474,1.15469,1.15473,0.0,0.0
2026-08-10 15:34:00+00:00,EURUSD,1.15473,1.15476,1.15464,1.15467,0.0,0.0
2026-08-10 15:35:00+00:00,EURUSD,1.15466,1.15477,1.15464,1.15473,0.0,0.0
2026-08-10 15:36:00+00:00,EURUSD,1.15474,1.15481,1.15469,1.1547,0.0,0.0
2026-08-10 15:37:00+00:00,EURUSD,1.1547,1.1547,1.15464,1.15469,0.0,0.0
2026-08-10 15:38:00+00:00,EURUSD,1.15468,1.15471,1.15464,1.15468,0.0,0.0
2026-08-10 15:39:00+00:00,EURUSD,1.15468,1.1547,1.15466,1.1547,0.0,0.0
2026-08-10 15:40:00+00:00,EURUSD,1.1547,1.15477,1.15468,1.15477,0.0,0.0
2026-08-10 15:41:00+00:00,EURUSD,1.15477,1.15481,1.15464,1.15466,0.0,0.0
2026-08-10 15:42:00+00:00,EURUSD,1.15465,1.15472,1.15464,1.15472,0.0,0.0
2026-08-10 15:43:00+00:00,EURUSD,1.15472,1.15478,1.15469,1.15472,0.0,0.0
2026-08-10 15:44:00+00:00,EURUSD,1.15472,1.15473,1.15464,1.15471,0.0,0.0
2026-08-10 15:45:00+00:00,EURUSD,1.1547,1.15476,1.15468,1.15476,0.0,0.0
2026-08-10 15:46:00+00:00,EURUSD,1.15477,1.15487,1.15476,1.15481,0.0,0.0
2026-08-10 15:47:00+00:00,EURUSD,1.15481,1.15487,1.15476,1.15482,0.0,0.0
2026-08-10 15:48:00+00:00,EURUSD,1.15481,1.15486,1.15478,1.15481,0.0,0.0
2026-08-10 15:49:00+00:00,EURUSD,1.15482,1.15485,1.15469,1.15471,0.0,0.0
2026-08-10 15:50:00+00:00,EURUSD,1.15471,1.15487,1.15471,1.15486,0.0,0.0
2026-08-10 15:51:00+00:00,EURUSD,1.15486,1.15497,1.15485,1.15497,0.0,0.0
2026-08-10 15:52:00+00:00,EURUSD,1.15498,1.15502,1.15496,1.15498,0.0,0.0
2026-08-10 15:53:00+00:00,EURUSD,1.15497,1.15502,1.15495,1.15501,0.0,0.0
2026-08-10 15:54:00+00:00,EURUSD,1.15502,1.15504,1.15499,1.15502,0.0,0.0
2026-08-10 15:55:00+00:00,EURUSD,1.15502,1.15502,1.15493,1.15493,0.0,0.0
2026-08-10 15:56:00+00:00,EURUSD,1.15493,1.15504,1.15493,1.15502,0.0,0.0
2026-08-10 15:57:00+00:00,EURUSD,1.15501,1.15513,1.15499,1.15511,0.0,0.0
2026-08-10 15:58:00+00:00,EURUSD,1.15511,1.15511,1.15503,1.15504,0.0,0.0
2026-08-10 15:59:00+00:00,EURUSD,1.15504,1.15521,1.15504,1.15518,0.0,0.0
2026-08-10 16:00:00+00:00,EURUSD,1.15517,1.15525,1.15517,1.15524,0.0,0.0
2026-08-10 16:01:00+00:00,EURUSD,1.15524,1.15528,1.15521,1.15525,0.0,0.0
2026-08-10 16:02:00+00:00,EURUSD,1.15525,1.15529,1.15522,1.15527,0.0,0.0
2026-08-10 16:03:00+00:00,EURUSD,1.15527,1.15532,1.15522,1.15525,0.0,0.0
2026-08-10 16:04:00+00:00,EURUSD,1.15525,1.15529,1.15522,1.15526,0.0,0.0
2026-08-10 16:05:00+00:00,EURUSD,1.15527,1.15534,1.15521,1.15533,0.0,0.0
2026-08-10 16:06:00+00:00,EURUSD,1.15533,1.15533,1.15521,1.15522,0.0,0.0
2026-08-10 16:07:00+00:00,EURUSD,1.15521,1.15533,1.15521,1.15533,0.0,0.0
2026-08-10 16:08:00+00:00,EURUSD,1.15531,1.15534,1.15531,1.15531,0.0,0.0
2026-08-10 16:09:00+00:00,EURUSD,1.15531,1.15534,1.1553,1.15531,0.0,0.0
2026-08-10 16:10:00+00:00,EURUSD,1.15531,1.15542,1.15531,1.15537,0.0,0.0
2026-08-10 16:11:00+00:00,EURUSD,1.15536,1.15542,1.15536,1.15541,0.0,0.0
2026-08-10 16:12:00+00:00,EURUSD,1.15541,1.15542,1.1554,1.15542,0.0,0.0
2026-08-10 16:13:00+00:00,EURUSD,1.15541,1.15542,1.15525,1.15527,0.0,0.0
2026-08-10 16:14:00+00:00,EURUSD,1.15526,1.15527,1.15524,1.15525,0.0,0.0
2026-08-10 16:15:00+00:00,EURUSD,1.15525,1.15527,1.15517,1.15517,0.0,0.0
2026-08-10 16:16:00+00:00,EURUSD,1.15517,1.15524,1.15517,1.15523,0.0,0.0
2026-08-10 16:17:00+00:00,EURUSD,1.15523,1.15527,1.1551,1.15511,0.0,0.0
2026-08-10 16:18:00+00:00,EURUSD,1.15511,1.15514,1.15504,1.15514,0.0,0.0
2026-08-10 16:19:00+00:00,EURUSD,1.15514,1.15518,1.15511,1.15511,0.0,0.0
2026-08-10 16:20:00+00:00,EURUSD,1.15511,1.15516,1.15511,1.15511,0.0,0.0
2026-08-10 16:21:00+00:00,EURUSD,1.15511,1.15511,1.15502,1.15502,0.0,0.0
2026-08-10 16:22:00+00:00,EURUSD,1.15502,1.15506,1.15502,1.15502,0.0,0.0
2026-08-10 16:23:00+00:00,EURUSD,1.15502,1.15504,1.15496,1.15501,0.0,0.0
2026-08-10 16:24:00+00:00,EURUSD,1.155,1.15501,1.15499,1.15499,0.0,0.0
2026-08-10 16:25:00+00:00,EURUSD,1.15499,1.15501,1.15491,1.15491,0.0,0.0
2026-08-10 16:26:00+00:00,EURUSD,1.15492,1.15507,1.15491,1.15504,0.0,0.0
2026-08-10 16:27:00+00:00,EURUSD,1.15504,1.15511,1.15504,1.15511,0.0,0.0
2026-08-10 16:28:00+00:00,EURUSD,1.15511,1.15522,1.15511,1.15522,0.0,0.0
2026-08-10 16:29:00+00:00,EURUSD,1.15521,1.15527,1.1552,1.15527,0.0,0.0
2026-08-10 16:30:00+00:00,EURUSD,1.15526,1.15531,1.15525,1.1553,0.0,0.0
2026-08-10 16:31:00+00:00,EURUSD,1.1553,1.15533,1.15473,1.15473,0.0,0.0
2026-08-10 16:32:00+00:00,EURUSD,1.15478,1.15513,1.15478,1.155,0.0,0.0
2026-08-10 16:33:00+00:00,EURUSD,1.15501,1.15507,1.15492,1.15506,0.0,0.0
2026-08-10 16:34:00+00:00,EURUSD,1.15504,1.15518,1.15504,1.15516,0.0,0.0
2026-08-10 16:35:00+00:00,EURUSD,1.15516,1.15525,1.15516,1.15522,0.0,0.0
2026-08-10 16:36:00+00:00,EURUSD,1.15522,1.15525,1.15521,1.15523,0.0,0.0
2026-08-10 16:37:00+00:00,EURUSD,1.15523,1.15528,1.15523,1.15527,0.0,0.0
2026-08-10 16:38:00+00:00,EURUSD,1.15527,1.15527,1.15522,1.15522,0.0,0.0
2026-08-10 16:39:00+00:00,EURUSD,1.15522,1.15524,1.15514,1.15515,0.0,0.0
2026-08-10 16:40:00+00:00,EURUSD,1.15515,1.15517,1.15504,1.15507,0.0,0.0
2026-08-10 16:41:00+00:00,EURUSD,1.15506,1.1551,1.15499,1.155,0.0,0.0
2026-08-10 16:42:00+00:00,EURUSD,1.155,1.155,1.15491,1.15496,0.0,0.0
2026-08-10 16:43:00+00:00,EURUSD,1.15496,1.15506,1.15494,1.15497,0.0,0.0
2026-08-10 16:44:00+00:00,EURUSD,1.15497,1.15497,1.15467,1.15469,0.0,0.0
2026-08-10 16:45:00+00:00,EURUSD,1.1547,1.15471,1.15461,1.15462,0.0,0.0
2026-08-10 16:46:00+00:00,EURUSD,1.15462,1.15471,1.15461,1.1547,0.0,0.0
2026-08-10 16:47:00+00:00,EURUSD,1.1547,1.1547,1.15456,1.15456,0.0,0.0
2026-08-10 16:48:00+00:00,EURUSD,1.15456,1.15461,1.15451,1.15452,0.0,0.0
2026-08-10 16:49:00+00:00,EURUSD,1.15452,1.15464,1.15451,1.1546,0.0,0.0
2026-08-10 16:50:00+00:00,EURUSD,1.15459,1.15466,1.15459,1.15461,0.0,0.0
2026-08-10 16:51:00+00:00,EURUSD,1.15461,1.15484,1.15461,1.15484,0.0,0.0
2026-08-10 16:52:00+00:00,EURUSD,1.15484,1.15488,1.1548,1.15487,0.0,0.0
2026-08-10 16:53:00+00:00,EURUSD,1.15487,1.15487,1.1548,1.15482,0.0,0.0
2026-08-10 16:54:00+00:00,EURUSD,1.15482,1.15482,1.1547,1.15479,0.0,0.0
2026-08-10 16:55:00+00:00,EURUSD,1.15478,1.15481,1.1547,1.15472,0.0,0.0
2026-08-10 16:56:00+00:00,EURUSD,1.15472,1.15479,1.15468,1.15476,0.0,0.0
2026-08-10 16:57:00+00:00,EURUSD,1.15476,1.1548,1.15473,1.15476,0.0,0.0
2026-08-10 16:58:00+00:00,EURUSD,1.15474,1.15479,1.15474,1.15479,0.0,0.0
2026-08-10 16:59:00+00:00,EURUSD,1.1548,1.1548,1.1547,1.1547,0.0,0.0
2026-08-11 05:00:00+00:00,EURUSD,1.15429,1.15429,1.15419,1.15419,0.0,0.0
2026-08-11 05:01:00+00:00,EURUSD,1.15419,1.1542,1.15415,1.15415,0.0,0.0
2026-08-11 05:02:00+00:00,EURUSD,1.15415,1.15416,1.15414,1.15416,0.0,0.0
2026-08-11 05:03:00+00:00,EURUSD,1.15416,1.1542,1.15416,1.15419,0.0,0.0
2026-08-11 05:04:00+00:00,EURUSD,1.15419,1.1542,1.15416,1.15416,0.0,0.0
2026-08-11 05:05:00+00:00,EURUSD,1.15416,1.15417,1.15414,1.15414,0.0,0.0
2026-08-11 05:06:00+00:00,EURUSD,1.15414,1.15416,1.15411,1.15412,0.0,0.0
2026-08-11 05:07:00+00:00,EURUSD,1.15412,1.15417,1.15409,1.15416,0.0,0.0
2026-08-11 05:08:00+00:00,EURUSD,1.15416,1.15419,1.15411,1.15417,0.0,0.0
2026-08-11 05:09:00+00:00,EURUSD,1.15416,1.1542,1.15416,1.1542,0.0,0.0
2026-08-11 05:10:00+00:00,EURUSD,1.15419,1.1542,1.15416,1.15416,0.0,0.0
2026-08-11 05:11:00+00:00,EURUSD,1.15418,1.15418,1.15408,1.15409,0.0,0.0
2026-08-11 05:12:00+00:00,EURUSD,1.15409,1.15411,1.15409,1.15409,0.0,0.0
2026-08-11 05:13:00+00:00,EURUSD,1.15409,1.15411,1.15409,1.15409,0.0,0.0
2026-08-11 05:14:00+00:00,EURUSD,1.15409,1.15411,1.15405,1.15409,0.0,0.0
2026-08-11 05:15:00+00:00,EURUSD,1.15409,1.15415,1.15409,1.15412,0.0,0.0
2026-08-11 05:16:00+00:00,EURUSD,1.15411,1.15412,1.15409,1.15411,0.0,0.0
2026-08-11 05:17:00+00:00,EURUSD,1.15412,1.15412,1.15409,1.15412,0.0,0.0
2026-08-11 05:18:00+00:00,EURUSD,1.15412,1.15412,1.15408,1.15408,0.0,0.0
2026-08-11 05:19:00+00:00,EURUSD,1.15408,1.15412,1.15407,1.15407,0.0,0.0
2026-08-11 05:20:00+00:00,EURUSD,1.15407,1.15407,1.154,1.154,0.0,0.0
2026-08-11 05:21:00+00:00,EURUSD,1.154,1.15406,1.154,1.15405,0.0,0.0
2026-08-11 05:22:00+00:00,EURUSD,1.15406,1.15412,1.15406,1.15411,0.0,0.0
2026-08-11 05:23:00+00:00,EURUSD,1.15412,1.15413,1.15409,1.15411,0.0,0.0
2026-08-11 05:24:00+00:00,EURUSD,1.15411,1.15412,1.15409,1.15411,0.0,0.0
2026-08-11 05:25:00+00:00,EURUSD,1.15412,1.15412,1.15406,1.15407,0.0,0.0
2026-08-11 05:26:00+00:00,EURUSD,1.15408,1.15411,1.15405,1.15409,0.0,0.0
2026-08-11 05:27:00+00:00,EURUSD,1.15409,1.1541,1.15408,1.15409,0.0,0.0
2026-08-11 05:28:00+00:00,EURUSD,1.15409,1.15414,1.15409,1.15409,0.0,0.0
2026-08-11 05:29:00+00:00,EURUSD,1.15409,1.15413,1.15408,1.15412,0.0,0.0
2026-08-11 05:30:00+00:00,EURUSD,1.15411,1.15416,1.15399,1.15414,0.0,0.0
2026-08-11 05:31:00+00:00,EURUSD,1.15414,1.15414,1.15405,1.15409,0.0,0.0
2026-08-11 05:32:00+00:00,EURUSD,1.15409,1.15409,1.15403,1.15406,0.0,0.0
2026-08-11 05:33:00+00:00,EURUSD,1.15405,1.15411,1.15403,1.1541,0.0,0.0
2026-08-11 05:34:00+00:00,EURUSD,1.1541,1.15416,1.1541,1.15416,0.0,0.0
2026-08-11 05:35:00+00:00,EURUSD,1.15416,1.15419,1.15409,1.15411,0.0,0.0
2026-08-11 05:36:00+00:00,EURUSD,1.15411,1.15414,1.15411,1.15411,0.0,0.0
2026-08-11 05:37:00+00:00,EURUSD,1.15411,1.15413,1.15411,1.15411,0.0,0.0
2026-08-11 05:38:00+00:00,EURUSD,1.15411,1.15413,1.15409,1.15411,0.0,0.0
2026-08-11 05:39:00+00:00,EURUSD,1.15411,1.15423,1.1541,1.1542,0.0,0.0
2026-08-11 05:40:00+00:00,EURUSD,1.15421,1.15423,1.1542,1.15423,0.0,0.0
2026-08-11 05:41:00+00:00,EURUSD,1.15423,1.15425,1.15416,1.15425,0.0,0.0
2026-08-11 05:42:00+00:00,EURUSD,1.15425,1.15425,1.1542,1.15423,0.0,0.0
2026-08-11 05:43:00+00:00,EURUSD,1.15424,1.15426,1.15423,1.15423,0.0,0.0
2026-08-11 05:44:00+00:00,EURUSD,1.15423,1.1543,1.15422,1.15427,0.0,0.0
2026-08-11 05:45:00+00:00,EURUSD,1.15427,1.15427,1.15423,1.15423,0.0,0.0
2026-08-11 05:46:00+00:00,EURUSD,1.15423,1.15427,1.15416,1.15416,0.0,0.0
2026-08-11 05:47:00+00:00,EURUSD,1.15417,1.15419,1.15415,1.15417,0.0,0.0
2026-08-11 05:48:00+00:00,EURUSD,1.15416,1.15422,1.15416,1.15416,0.0,0.0
2026-08-11 05:49:00+00:00,EURUSD,1.15416,1.15416,1.15413,1.15415,0.0,0.0
2026-08-11 05:50:00+00:00,EURUSD,1.15415,1.15415,1.15409,1.15409,0.0,0.0
2026-08-11 05:51:00+00:00,EURUSD,1.15409,1.15412,1.15407,1.15411,0.0,0.0
2026-08-11 05:52:00+00:00,EURUSD,1.15411,1.15411,1.15399,1.15401,0.0,0.0
2026-08-11 05:53:00+00:00,EURUSD,1.15401,1.15402,1.15395,1.15396,0.0,0.0
2026-08-11 05:54:00+00:00,EURUSD,1.15396,1.15396,1.15388,1.15391,0.0,0.0
2026-08-11 05:55:00+00:00,EURUSD,1.15394,1.15401,1.15389,1.154,0.0,0.0
2026-08-11 05:56:00+00:00,EURUSD,1.15398,1.15402,1.15396,1.15401,0.0,0.0
2026-08-11 05:57:00+00:00,EURUSD,1.15401,1.15407,1.154,1.15406,0.0,0.0
2026-08-11 05:58:00+00:00,EURUSD,1.15406,1.15412,1.15406,1.15407,0.0,0.0
2026-08-11 05:59:00+00:00,EURUSD,1.15406,1.15411,1.15406,1.1541,0.0,0.0
2026-08-11 06:00:00+00:00,EURUSD,1.15413,1.15418,1.15408,1.15418,0.0,0.0
2026-08-11 06:01:00+00:00,EURUSD,1.15418,1.15431,1.15416,1.15426,0.0,0.0
2026-08-11 06:02:00+00:00,EURUSD,1.15426,1.15429,1.15423,1.15425,0.0,0.0
2026-08-11 06:03:00+00:00,EURUSD,1.15426,1.15435,1.15423,1.15423,0.0,0.0
2026-08-11 06:04:00+00:00,EURUSD,1.15425,1.15425,1.15415,1.15422,0.0,0.0
2026-08-11 06:05:00+00:00,EURUSD,1.1542,1.15422,1.15411,1.15412,0.0,0.0
2026-08-11 06:06:00+00:00,EURUSD,1.15412,1.15419,1.15412,1.15416,0.0,0.0
2026-08-11 06:07:00+00:00,EURUSD,1.15416,1.15416,1.15409,1.1541,0.0,0.0
2026-08-11 06:08:00+00:00,EURUSD,1.1541,1.15411,1.15407,1.15409,0.0,0.0
2026-08-11 06:09:00+00:00,EURUSD,1.1541,1.15415,1.1541,1.15411,0.0,0.0
2026-08-11 06:10:00+00:00,EURUSD,1.15409,1.15412,1.15405,1.15406,0.0,0.0
2026-08-11 06:11:00+00:00,EURUSD,1.15407,1.15411,1.15406,1.15409,0.0,0.0
2026-08-11 06:12:00+00:00,EURUSD,1.15409,1.15416,1.15409,1.15414,0.0,0.0
2026-08-11 06:13:00+00:00,EURUSD,1.15413,1.15416,1.15409,1.15411,0.0,0.0
2026-08-11 06:14:00+00:00,EURUSD,1.1541,1.15412,1.15401,1.15404,0.0,0.0
2026-08-11 06:15:00+00:00,EURUSD,1.15405,1.15412,1.154,1.15405,0.0,0.0
2026-08-11 06:16:00+00:00,EURUSD,1.15406,1.15406,1.15401,1.15405,0.0,0.0
2026-08-11 06:17:00+00:00,EURUSD,1.15406,1.1541,1.15404,1.15406,0.0,0.0
2026-08-11 06:18:00+00:00,EURUSD,1.15406,1.15406,1.15389,1.15389,0.0,0.0
2026-08-11 06:19:00+00:00,EURUSD,1.15389,1.15392,1.15382,1.15384,0.0,0.0
2026-08-11 06:20:00+00:00,EURUSD,1.15382,1.15382,1.15355,1.15355,0.0,0.0
2026-08-11 06:21:00+00:00,EURUSD,1.15356,1.15362,1.15354,1.15355,0.0,0.0
2026-08-11 06:22:00+00:00,EURUSD,1.15355,1.15358,1.1535,1.15355,0.0,0.0
2026-08-11 06:23:00+00:00,EURUSD,1.15355,1.15369,1.15354,1.15355,0.0,0.0
2026-08-11 06:24:00+00:00,EURUSD,1.15354,1.15359,1.15346,1.15346,0.0,0.0
2026-08-11 06:25:00+00:00,EURUSD,1.15347,1.15354,1.15346,1.15352,0.0,0.0
2026-08-11 06:26:00+00:00,EURUSD,1.15353,1.15362,1.15353,1.15361,0.0,0.0
2026-08-11 06:27:00+00:00,EURUSD,1.1536,1.15379,1.1536,1.15374,0.0,0.0
2026-08-11 06:28:00+00:00,EURUSD,1.15376,1.15379,1.15372,1.15375,0.0,0.0
2026-08-11 06:29:00+00:00,EURUSD,1.15374,1.15375,1.15361,1.15368,0.0,0.0
2026-08-11 06:30:00+00:00,EURUSD,1.15366,1.15375,1.15361,1.15361,0.0,0.0
2026-08-11 06:31:00+00:00,EURUSD,1.15361,1.15364,1.15348,1.15351,0.0,0.0
2026-08-11 06:32:00+00:00,EURUSD,1.15349,1.15354,1.15348,1.15352,0.0,0.0
2026-08-11 06:33:00+00:00,EURUSD,1.15351,1.15352,1.1533,1.15332,0.0,0.0
2026-08-11 06:34:00+00:00,EURUSD,1.15334,1.15346,1.15334,1.15346,0.0,0.0
2026-08-11 06:35:00+00:00,EURUSD,1.15345,1.1535,1.15339,1.15341,0.0,0.0
2026-08-11 06:36:00+00:00,EURUSD,1.15341,1.15352,1.1534,1.15345,0.0,0.0
2026-08-11 06:37:00+00:00,EURUSD,1.15344,1.15364,1.15342,1.15364,0.0,0.0
2026-08-11 06:38:00+00:00,EURUSD,1.15364,1.15366,1.15358,1.15359,0.0,0.0
2026-08-11 06:39:00+00:00,EURUSD,1.1536,1.15372,1.15359,1.15371,0.0,0.0
2026-08-11 06:40:00+00:00,EURUSD,1.15371,1.15377,1.15371,1.15375,0.0,0.0
2026-08-11 06:41:00+00:00,EURUSD,1.15375,1.1538,1.15369,1.15369,0.0,0.0
2026-08-11 06:42:00+00:00,EURUSD,1.1537,1.15375,1.15369,1.15375,0.0,0.0
2026-08-11 06:43:00+00:00,EURUSD,1.15375,1.15375,1.15368,1.1537,0.0,0.0
2026-08-11 06:44:00+00:00,EURUSD,1.15369,1.15369,1.15359,1.15366,0.0,0.0
2026-08-11 06:45:00+00:00,EURUSD,1.15367,1.15367,1.15355,1.15355,0.0,0.0
2026-08-11 06:46:00+00:00,EURUSD,1.15355,1.15359,1.15355,1.15355,0.0,0.0
2026-08-11 06:47:00+00:00,EURUSD,1.15355,1.15359,1.15351,1.15359,0.0,0.0
2026-08-11 06:48:00+00:00,EURUSD,1.15359,1.15365,1.15359,1.15362,0.0,0.0
2026-08-11 06:49:00+00:00,EURUSD,1.15362,1.15364,1.15359,1.15361,0.0,0.0
2026-08-11 06:50:00+00:00,EURUSD,1.15362,1.15362,1.15358,1.15359,0.0,0.0
2026-08-11 06:51:00+00:00,EURUSD,1.15359,1.15366,1.15359,1.15359,0.0,0.0
2026-08-11 06:52:00+00:00,EURUSD,1.15358,1.15359,1.15345,1.15345,0.0,0.0
2026-08-11 06:53:00+00:00,EURUSD,1.15346,1.1535,1.15345,1.15349,0.0,0.0
2026-08-11 06:54:00+00:00,EURUSD,1.15349,1.1535,1.15341,1.15346,0.0,0.0
2026-08-11 06:55:00+00:00,EURUSD,1.15347,1.15351,1.1534,1.1535,0.0,0.0
2026-08-11 06:56:00+00:00,EURUSD,1.1535,1.15355,1.1535,1.15354,0.0,0.0
2026-08-11 06:57:00+00:00,EURUSD,1.15353,1.15359,1.15348,1.15359,0.0,0.0
2026-08-11 06:58:00+00:00,EURUSD,1.1536,1.15364,1.15355,1.15362,0.0,0.0
2026-08-11 06:59:00+00:00,EURUSD,1.15361,1.15366,1.15355,1.15366,0.0,0.0
2026-08-11 07:00:00+00:00,EURUSD,1.15369,1.15381,1.15369,1.15377,0.0,0.0
2026-08-11 07:01:00+00:00,EURUSD,1.1538,1.1538,1.15379,1.15379,0.0,0.0
